{
  "model/models-dbg.js": 1758186769651,
  "manifest.json": 1758265169721,
  "model/models.js": 1758186769651,
  "controller/OfficalRightScreen.controller.js": 1758265007324,
  "controller/LeftScreen.controller.js": 1758186769651,
  "controller/InitialRightScreen.controller.js": 1758265007324,
  "controller/App.controller.js": 1758186769651,
  "Component.js": 1758186769651,
  "Component-preload.js": 1758265170082,
  "controller/OfficalRightScreen-dbg.controller.js": 1758265007324,
  "i18n/i18n.properties": 1758186769651,
  "controller/LeftScreen-dbg.controller.js": 1758186769651,
  "controller/InitialRightScreen-dbg.controller.js": 1758265007324,
  "controller/App-dbg.controller.js": 1758186769651,
  "Component-dbg.js": 1758186769651,
  "resources/images/SAP_AI_Core_Service_Icon.svg": 1758186769651,
  "view/OfficalRightScreen.view.xml": 1758186769655,
  "view/LeftScreen.view.xml": 1758186769655,
  "view/InitialRightScreen.view.xml": 1758186769655,
  "view/FileUploading.fragment.xml": 1758186769655,
  "view/FileManagement.fragment.xml": 1758186769655,
  "view/App.view.xml": 1758186769655,
  "css/style.css": 1758186769651,
  "index.html": 1758186769651
}