{
  "Component-dbg.js": 1760592435044,
  "model/models.js": 1760592435044,
  "manifest.json": 1760683370702,
  "controller/OfficalRightScreen.controller.js": 1760592435044,
  "controller/LeftScreen.controller.js": 1760592435044,
  "controller/InitialRightScreen.controller.js": 1760592435044,
  "controller/App.controller.js": 1760592435044,
  "Component.js": 1760592435044,
  "Component-preload.js": 1760683371044,
  "i18n/i18n.properties": 1760592435044,
  "controller/OfficalRightScreen-dbg.controller.js": 1760592435044,
  "controller/LeftScreen-dbg.controller.js": 1760592435044,
  "controller/InitialRightScreen-dbg.controller.js": 1760592435044,
  "controller/App-dbg.controller.js": 1760592435044,
  "model/models-dbg.js": 1760592435044,
  "resources/images/SAP_AI_Core_Service_Icon.svg": 1760592435044,
  "view/OfficalRightScreen.view.xml": 1760592435044,
  "view/LeftScreen.view.xml": 1760592435044,
  "view/InitialRightScreen.view.xml": 1760592435044,
  "view/FileUploading.fragment.xml": 1760592435044,
  "view/FileManagement.fragment.xml": 1760592435044,
  "view/App.view.xml": 1760592435044,
  "css/style.css": 1760592435044,
  "index.html": 1760592435044
}