{
  "index.html": 1753842387563,
  "controller/OfficalRightScreen.controller.js": 1753165626911,
  "model/models.js": 1753165626911,
  "manifest.json": 1758129883757,
  "controller/LeftScreen.controller.js": 1753165626911,
  "controller/InitialRightScreen.controller.js": 1753165626911,
  "controller/App.controller.js": 1753165626911,
  "Component.js": 1753165626911,
  "Component-preload.js": 1758129883956,
  "controller/InitialRightScreen-dbg.controller.js": 1753165626911,
  "controller/LeftScreen-dbg.controller.js": 1753165626911,
  "controller/OfficalRightScreen-dbg.controller.js": 1753165626911,
  "controller/App-dbg.controller.js": 1753165626911,
  "model/models-dbg.js": 1753165626911,
  "Component-dbg.js": 1753165626911,
  "resources/images/SAP_AI_Core_Service_Icon.svg": 1753165626911,
  "view/OfficalRightScreen.view.xml": 1753165626911,
  "view/LeftScreen.view.xml": 1753165626911,
  "view/InitialRightScreen.view.xml": 1753165626911,
  "view/FileUploading.fragment.xml": 1753165626911,
  "view/FileManagement.fragment.xml": 1753165626911,
  "view/App.view.xml": 1753165626911,
  "css/style.css": 1753165626911,
  "i18n/i18n.properties": 1753165626911
}