{
  "manifest.json": 1766865164095,
  "controller/OfficalRightScreen.controller.js": 1766827541515,
  "model/models.js": 1766827541515,
  "i18n/i18n.properties": 1766827541515,
  "controller/LeftScreen.controller.js": 1766827541515,
  "controller/InitialRightScreen.controller.js": 1766827541515,
  "controller/App.controller.js": 1766827541515,
  "Component.js": 1766827541515,
  "Component-preload.js": 1766865164457,
  "model/models-dbg.js": 1766827541515,
  "controller/OfficalRightScreen-dbg.controller.js": 1766827541515,
  "controller/LeftScreen-dbg.controller.js": 1766827541515,
  "controller/InitialRightScreen-dbg.controller.js": 1766827541515,
  "controller/App-dbg.controller.js": 1766827541515,
  "Component-dbg.js": 1766827541515,
  "resources/images/SAP_AI_Core_Service_Icon.svg": 1766827541515,
  "view/OfficalRightScreen.view.xml": 1766827541515,
  "view/LeftScreen.view.xml": 1766827541515,
  "view/InitialRightScreen.view.xml": 1766827541515,
  "view/FileUploading.fragment.xml": 1766827541515,
  "view/FileManagement.fragment.xml": 1766827541515,
  "view/App.view.xml": 1766827541515,
  "css/style.css": 1766827541515,
  "index.html": 1766827541515
}