{
  "i18n/i18n.properties": 1764050638308,
  "model/models.js": 1764050638308,
  "manifest.json": 1766768592515,
  "controller/OfficalRightScreen.controller.js": 1765898983399,
  "controller/LeftScreen.controller.js": 1765893807225,
  "controller/InitialRightScreen.controller.js": 1765898296936,
  "controller/App.controller.js": 1764050638308,
  "Component.js": 1764050638308,
  "Component-preload.js": 1766768592935,
  "controller/OfficalRightScreen-dbg.controller.js": 1765898983399,
  "model/models-dbg.js": 1764050638308,
  "controller/LeftScreen-dbg.controller.js": 1765893807225,
  "controller/InitialRightScreen-dbg.controller.js": 1765898296936,
  "controller/App-dbg.controller.js": 1764050638308,
  "Component-dbg.js": 1764050638308,
  "resources/images/SAP_AI_Core_Service_Icon.svg": 1764050638312,
  "view/OfficalRightScreen.view.xml": 1764050638312,
  "view/LeftScreen.view.xml": 1765474889094,
  "view/InitialRightScreen.view.xml": 1764050638312,
  "view/FileUploading.fragment.xml": 1764050638312,
  "view/FileManagement.fragment.xml": 1764050638312,
  "view/App.view.xml": 1764050638312,
  "css/style.css": 1764050638308,
  "index.html": 1764050638308
}